scenario,simulation_id,aggregate_annual_impact_minutes
base,1,2215316.83
base,2,1997541.82
base,3,3024966.75
base,4,2493490.87
base,5,2006488.55
base,6,2608980.66
base,7,2139972.64
base,8,3043685.6
base,9,2246949.67
base,10,1978055.15
base,11,2493126.22
base,12,2785665.69
base,13,3000279.46
base,14,2804275.41
base,15,2861883.88
base,16,1745257.92
base,17,2197252.56
base,18,2266367.07
base,19,2609029.55
base,20,2294016.67
base,21,3069677.78
base,22,2107163.3
base,23,2480593.54
base,24,2323009.05
base,25,2267666.19
base,26,2322863.14
base,27,1941902.8
base,28,2310376.34
base,29,2281338.19
base,30,2238361.73
base,31,2194861.42
base,32,2117196.81
base,33,2521257.67
base,34,2144601.48
base,35,2576354.13
base,36,2406560.78
base,37,2361060.96
base,38,2399247.21
base,39,2533812.35
base,40,2353118.03
base,41,2490193.79
base,42,2168756.41
base,43,2565041.27
base,44,2222404.74
base,45,2449804.17
base,46,2126032.72
base,47,2933210.63
base,48,2595891.22
base,49,2789829.76
base,50,2379821.0
base,51,2319664.1
base,52,2247162.49
base,53,2151580.01
base,54,2167408.61
base,55,2058485.81
base,56,2768045.1
base,57,2112230.25
base,58,2116518.91
base,59,2216979.53
base,60,2616796.7
base,61,2508336.23
base,62,2729688.61
base,63,2606984.57
base,64,2642617.19
base,65,2363837.8
base,66,2632352.7
base,67,1835587.22
base,68,2224598.15
base,69,2626088.4
base,70,2350311.5
base,71,2452146.53
base,72,2478469.49
base,73,2327492.71
base,74,2133279.03
base,75,2070124.05
base,76,2066342.99
base,77,2572799.74
base,78,2240035.19
base,79,2582995.75
base,80,2521983.21
base,81,2211038.65
base,82,1973621.05
base,83,2501817.29
base,84,2055070.22
base,85,1741452.17
base,86,2204291.08
base,87,2257571.75
base,88,2664173.57
base,89,2671871.15
base,90,2685742.11
base,91,2098930.95
base,92,2650514.82
base,93,1951131.86
base,94,2682411.82
base,95,1846495.0
base,96,2340257.53
base,97,2245575.24
base,98,2362228.54
base,99,2496263.93
base,100,2800059.38
base,101,2790491.2
base,102,2475000.08
base,103,2634374.11
base,104,2450319.99
base,105,2271613.33
base,106,2135770.28
base,107,2851286.2
base,108,2513007.47
base,109,2297701.28
base,110,2201418.29
base,111,2890715.41
base,112,1905445.19
base,113,2599635.81
base,114,2049429.51
base,115,2461447.74
base,116,2459038.52
base,117,2354318.31
base,118,1815626.62
base,119,2417388.06
base,120,2615344.68
base,121,2936843.02
base,122,1821656.51
base,123,2333562.09
base,124,2357652.35
base,125,2221215.12
base,126,2133663.48
base,127,1825684.44
base,128,1953834.81
base,129,2240861.86
base,130,2312774.91
base,131,2532152.68
base,132,2328819.58
base,133,2285872.45
base,134,2733334.82
base,135,2378994.12
base,136,2093875.93
base,137,2622713.78
base,138,2113446.58
base,139,2504734.91
base,140,2205563.18
base,141,2409220.95
base,142,1995030.36
base,143,2713422.77
base,144,2488287.61
base,145,2281000.25
base,146,2624887.13
base,147,2408820.46
base,148,2501383.17
base,149,2594509.04
base,150,2049119.7
base,151,2154444.81
base,152,2282143.08
base,153,2238064.85
base,154,2402673.09
base,155,2771051.5
base,156,2422406.54
base,157,2277200.59
base,158,2354950.57
base,159,2742265.14
base,160,2576566.72
base,161,2069266.22
base,162,1848438.08
base,163,2072780.8
base,164,2138020.61
base,165,2282734.35
base,166,2430142.85
base,167,2194123.54
base,168,2013522.51
base,169,2374492.67
base,170,2058599.81
base,171,2616880.49
base,172,1957706.36
base,173,1881091.55
base,174,2345968.65
base,175,2391258.96
base,176,2519812.61
base,177,2096485.38
base,178,2100901.17
base,179,2299801.65
base,180,1954414.9
base,181,2707118.51
base,182,1993330.41
base,183,2239653.32
base,184,3014801.83
base,185,2474556.9
base,186,2286727.64
base,187,2181609.74
base,188,2290451.94
base,189,2154047.81
base,190,2035081.05
base,191,2739824.33
base,192,2465041.8
base,193,2411134.95
base,194,2213861.58
base,195,2307385.38
base,196,2236259.1
base,197,2302132.9
base,198,2073055.4
base,199,2310435.59
base,200,2780564.22
base,201,2222090.61
base,202,2502808.06
base,203,2368645.42
base,204,2355641.45
base,205,2156973.46
base,206,2470323.84
base,207,2352828.73
base,208,2724773.61
base,209,2587672.76
base,210,2513974.63
base,211,2271413.43
base,212,2175720.81
base,213,2303241.29
base,214,1989540.93
base,215,2086229.25
base,216,2339098.76
base,217,2212767.63
base,218,2600409.08
base,219,2248511.93
base,220,2525057.87
base,221,1980066.4
base,222,2318911.24
base,223,2064720.58
base,224,2310723.05
base,225,2221649.8
base,226,2488780.0
base,227,1989795.73
base,228,2069199.22
base,229,2545369.36
base,230,2704730.33
base,231,2527686.29
base,232,2309033.15
base,233,2592024.16
base,234,2102020.32
base,235,2246220.71
base,236,2535044.33
base,237,2649077.4
base,238,2145415.74
base,239,2298973.28
base,240,2625561.13
base,241,2356839.29
base,242,2491918.47
base,243,2008585.86
base,244,2103001.52
base,245,2449797.71
base,246,2447508.33
base,247,2186400.81
base,248,2242565.8
base,249,2049411.67
base,250,1907522.52
base,251,2432335.31
base,252,2161012.2
base,253,2469389.36
base,254,2505561.64
base,255,2686061.86
base,256,2420633.94
base,257,2308212.08
base,258,2152835.13
base,259,1929273.32
base,260,2242573.14
base,261,2448722.33
base,262,2353565.39
base,263,2825699.05
base,264,2138676.05
base,265,2615081.78
base,266,2444647.26
base,267,2341508.66
base,268,2411513.17
base,269,2076850.75
base,270,2463604.89
base,271,2370608.98
base,272,2458354.98
base,273,2705085.29
base,274,2488223.74
base,275,2278212.45
base,276,2374904.88
base,277,2330448.54
base,278,2474634.6
base,279,2248297.44
base,280,2238974.39
base,281,2294851.42
base,282,2410255.52
base,283,2186636.06
base,284,2012394.07
base,285,2402693.08
base,286,2242077.14
base,287,2214340.46
base,288,2351491.49
base,289,2661348.02
base,290,2625336.67
base,291,2624170.59
base,292,2067732.96
base,293,2124830.49
base,294,2292723.28
base,295,2733484.39
base,296,2321028.46
base,297,2531969.17
base,298,2194005.76
base,299,2020669.42
base,300,2352987.46
base,301,2532316.92
base,302,2535457.72
base,303,2614626.61
base,304,2518297.94
base,305,2615991.63
base,306,2665160.32
base,307,2351604.69
base,308,2445637.47
base,309,2570078.47
base,310,2580363.55
base,311,2289049.93
base,312,2783382.77
base,313,2379763.52
base,314,2335634.77
base,315,2338033.9
base,316,2313333.69
base,317,2410034.97
base,318,1772314.49
base,319,2513530.86
base,320,2647876.72
base,321,2935880.51
base,322,2624077.21
base,323,2591047.44
base,324,2828923.02
base,325,2320274.4
base,326,2557174.49
base,327,2127714.03
base,328,2475555.6
base,329,2206520.2
base,330,2719711.16
base,331,2296280.41
base,332,1979156.21
base,333,2456081.13
base,334,1969228.91
base,335,2365086.33
base,336,2941845.47
base,337,2254410.95
base,338,2619482.25
base,339,2338961.78
base,340,3003302.29
base,341,2118901.5
base,342,2370044.1
base,343,2529930.57
base,344,1977861.09
base,345,1870915.58
base,346,2316116.0
base,347,2034235.5
base,348,2348151.01
base,349,2315419.5
base,350,2462004.94
base,351,2483282.19
base,352,2428214.6
base,353,2298364.12
base,354,2603051.87
base,355,2717229.18
base,356,2711769.3
base,357,2401344.89
base,358,2433792.65
base,359,2315198.37
base,360,2687690.28
base,361,2410339.09
base,362,2299140.81
base,363,2459670.34
base,364,2319591.66
base,365,1926385.54
base,366,2551583.59
base,367,2581242.01
base,368,2521349.0
base,369,2433846.86
base,370,1965649.72
base,371,2655892.98
base,372,2558343.13
base,373,2565099.4
base,374,2589034.19
base,375,2239588.5
base,376,2150842.51
base,377,2262792.81
base,378,2592890.24
base,379,2639721.85
base,380,2418627.62
base,381,2032634.64
base,382,2358024.67
base,383,2636501.69
base,384,2130473.26
base,385,2904205.05
base,386,2091857.05
base,387,2346980.11
base,388,2523490.37
base,389,2432089.05
base,390,2364896.36
base,391,2105684.22
base,392,2220647.23
base,393,2615992.91
base,394,2368219.01
base,395,2468045.41
base,396,1985863.34
base,397,1887106.91
base,398,2553795.96
base,399,2397485.62
base,400,2607657.01
base,401,2390008.55
base,402,2151897.99
base,403,2555856.32
base,404,2715281.81
base,405,2118342.85
base,406,2430930.62
base,407,2951604.1
base,408,2263493.05
base,409,2417902.85
base,410,2242813.57
base,411,2778587.9
base,412,2038820.63
base,413,2866407.12
base,414,2233715.74
base,415,2224666.63
base,416,2300630.01
base,417,2242409.54
base,418,2688325.87
base,419,2191162.72
base,420,2436649.71
base,421,2126580.97
base,422,2352296.39
base,423,2450591.69
base,424,2480364.0
base,425,1716160.37
base,426,2338548.67
base,427,2496094.66
base,428,2401608.49
base,429,2630311.12
base,430,2088850.14
base,431,2253623.22
base,432,2135975.82
base,433,2187211.14
base,434,2686739.49
base,435,2396470.15
base,436,2333175.36
base,437,2204342.46
base,438,2428146.36
base,439,2325315.94
base,440,2371250.26
base,441,2643875.17
base,442,2499684.48
base,443,2202318.37
base,444,2200437.61
base,445,2321628.55
base,446,2050432.97
base,447,2386474.82
base,448,2048900.2
base,449,2279969.11
base,450,2323757.11
base,451,2513138.76
base,452,2487999.34
base,453,2176812.57
base,454,2352605.79
base,455,2733577.38
base,456,2296034.75
base,457,2369074.46
base,458,2240920.39
base,459,1992350.6
base,460,2121796.32
base,461,2246750.5
base,462,2282667.63
base,463,1998924.65
base,464,2376069.43
base,465,2827276.5
base,466,1921594.58
base,467,2637770.91
base,468,2876929.48
base,469,2292403.64
base,470,2309114.2
base,471,2584250.1
base,472,2445534.56
base,473,2899909.83
base,474,2572336.69
base,475,2264594.88
base,476,2218297.95
base,477,2703777.47
base,478,2097622.79
base,479,2219628.98
base,480,2671900.62
base,481,2633334.38
base,482,2220229.68
base,483,2213107.88
base,484,2477775.99
base,485,1661323.97
base,486,2383030.41
base,487,2294698.44
base,488,2209444.4
base,489,2211712.37
base,490,2570170.26
base,491,2254579.84
base,492,2425672.36
base,493,2220191.81
base,494,2724444.37
base,495,2490516.85
base,496,2797352.84
base,497,2240694.74
base,498,2444000.38
base,499,2906631.54
base,500,2424712.23
disruption_stress,1,2844086.8
disruption_stress,2,2831545.3
disruption_stress,3,2039998.36
disruption_stress,4,3058368.53
disruption_stress,5,2645847.29
disruption_stress,6,2360984.07
disruption_stress,7,2271414.43
disruption_stress,8,2952260.0
disruption_stress,9,2824666.35
disruption_stress,10,2457997.56
disruption_stress,11,2563091.86
disruption_stress,12,2861307.71
disruption_stress,13,2412885.06
disruption_stress,14,2446991.69
disruption_stress,15,2728609.13
disruption_stress,16,2393672.53
disruption_stress,17,2820285.93
disruption_stress,18,2519184.5
disruption_stress,19,2601240.82
disruption_stress,20,2931792.11
disruption_stress,21,2763612.16
disruption_stress,22,3236786.79
disruption_stress,23,2364071.66
disruption_stress,24,2583341.37
disruption_stress,25,2367428.71
disruption_stress,26,2396752.87
disruption_stress,27,2081938.51
disruption_stress,28,2582346.89
disruption_stress,29,2656261.12
disruption_stress,30,2691749.05
disruption_stress,31,2498258.92
disruption_stress,32,2135031.97
disruption_stress,33,2532815.22
disruption_stress,34,2927628.08
disruption_stress,35,2667139.86
disruption_stress,36,2287559.95
disruption_stress,37,2761732.05
disruption_stress,38,2549545.36
disruption_stress,39,2348401.02
disruption_stress,40,2999310.99
disruption_stress,41,2577322.23
disruption_stress,42,2627401.82
disruption_stress,43,2745076.36
disruption_stress,44,2698590.91
disruption_stress,45,2914953.17
disruption_stress,46,2396523.47
disruption_stress,47,2683833.12
disruption_stress,48,3147522.51
disruption_stress,49,2813473.87
disruption_stress,50,2677339.39
disruption_stress,51,2858243.38
disruption_stress,52,2460466.71
disruption_stress,53,2581947.76
disruption_stress,54,2760438.35
disruption_stress,55,2172185.25
disruption_stress,56,2385911.38
disruption_stress,57,2593843.02
disruption_stress,58,2140978.98
disruption_stress,59,3291893.12
disruption_stress,60,2314050.88
disruption_stress,61,2361496.61
disruption_stress,62,2047838.26
disruption_stress,63,2152874.08
disruption_stress,64,2580176.41
disruption_stress,65,2614255.84
disruption_stress,66,2508223.2
disruption_stress,67,2734135.2
disruption_stress,68,2418464.87
disruption_stress,69,2424828.45
disruption_stress,70,2400504.0
disruption_stress,71,2723458.95
disruption_stress,72,2452154.74
disruption_stress,73,2941834.15
disruption_stress,74,2303785.78
disruption_stress,75,2464375.49
disruption_stress,76,2787099.36
disruption_stress,77,3562516.75
disruption_stress,78,2398008.72
disruption_stress,79,2826622.0
disruption_stress,80,2534892.95
disruption_stress,81,2168196.54
disruption_stress,82,3257469.9
disruption_stress,83,2359919.24
disruption_stress,84,2499733.68
disruption_stress,85,2648611.96
disruption_stress,86,2646957.04
disruption_stress,87,2878192.88
disruption_stress,88,2410593.84
disruption_stress,89,2549712.41
disruption_stress,90,2589289.63
disruption_stress,91,2681501.61
disruption_stress,92,2628187.44
disruption_stress,93,2025950.89
disruption_stress,94,2651322.25
disruption_stress,95,2755311.16
disruption_stress,96,2278230.31
disruption_stress,97,2678226.42
disruption_stress,98,2722533.18
disruption_stress,99,2434505.08
disruption_stress,100,2577712.24
disruption_stress,101,2970378.85
disruption_stress,102,2438932.14
disruption_stress,103,2639255.71
disruption_stress,104,2585316.87
disruption_stress,105,2985317.88
disruption_stress,106,2691837.28
disruption_stress,107,2622397.82
disruption_stress,108,2877651.55
disruption_stress,109,2830138.32
disruption_stress,110,2753954.65
disruption_stress,111,2780967.35
disruption_stress,112,2882665.33
disruption_stress,113,3039793.78
disruption_stress,114,2721605.39
disruption_stress,115,2868789.15
disruption_stress,116,3210213.9
disruption_stress,117,2693798.52
disruption_stress,118,2679244.25
disruption_stress,119,2968801.83
disruption_stress,120,2657470.3
disruption_stress,121,2492548.69
disruption_stress,122,2751286.35
disruption_stress,123,2691108.5
disruption_stress,124,2527699.65
disruption_stress,125,2540795.72
disruption_stress,126,2185836.75
disruption_stress,127,3275012.4
disruption_stress,128,3048169.64
disruption_stress,129,2804112.77
disruption_stress,130,2471187.2
disruption_stress,131,2468445.55
disruption_stress,132,2287569.12
disruption_stress,133,2140442.58
disruption_stress,134,2549804.57
disruption_stress,135,2463477.58
disruption_stress,136,2597011.65
disruption_stress,137,2593695.37
disruption_stress,138,2411953.56
disruption_stress,139,2754815.59
disruption_stress,140,2687632.3
disruption_stress,141,2643220.49
disruption_stress,142,2527139.05
disruption_stress,143,2652998.76
disruption_stress,144,2593611.85
disruption_stress,145,2515408.68
disruption_stress,146,2320142.4
disruption_stress,147,2590378.7
disruption_stress,148,2863921.3
disruption_stress,149,2850024.65
disruption_stress,150,2117437.66
disruption_stress,151,2232395.1
disruption_stress,152,3287097.26
disruption_stress,153,2703541.62
disruption_stress,154,2352111.12
disruption_stress,155,2629417.99
disruption_stress,156,2507551.93
disruption_stress,157,2690775.17
disruption_stress,158,2261800.11
disruption_stress,159,2885351.65
disruption_stress,160,2557225.79
disruption_stress,161,2498706.74
disruption_stress,162,2432561.19
disruption_stress,163,2445543.85
disruption_stress,164,2324429.76
disruption_stress,165,2731261.03
disruption_stress,166,2252191.59
disruption_stress,167,2774638.25
disruption_stress,168,2526591.08
disruption_stress,169,2674125.8
disruption_stress,170,2408891.13
disruption_stress,171,2553261.43
disruption_stress,172,2836045.96
disruption_stress,173,2860165.07
disruption_stress,174,2158221.81
disruption_stress,175,2635797.84
disruption_stress,176,2536298.67
disruption_stress,177,3230423.55
disruption_stress,178,3005174.56
disruption_stress,179,1977815.81
disruption_stress,180,2608431.19
disruption_stress,181,2821606.03
disruption_stress,182,2473013.47
disruption_stress,183,3234012.45
disruption_stress,184,2702288.88
disruption_stress,185,2597185.37
disruption_stress,186,2795673.5
disruption_stress,187,3109783.57
disruption_stress,188,2420340.6
disruption_stress,189,2747371.13
disruption_stress,190,2634652.29
disruption_stress,191,2550396.97
disruption_stress,192,2596656.31
disruption_stress,193,3159220.85
disruption_stress,194,2735308.56
disruption_stress,195,3214196.97
disruption_stress,196,2189837.19
disruption_stress,197,2700753.37
disruption_stress,198,3091399.58
disruption_stress,199,3054434.05
disruption_stress,200,2680979.59
disruption_stress,201,2546778.92
disruption_stress,202,2369743.5
disruption_stress,203,2845250.34
disruption_stress,204,2738929.93
disruption_stress,205,2715736.52
disruption_stress,206,2942781.16
disruption_stress,207,2254716.85
disruption_stress,208,2394437.4
disruption_stress,209,2335499.94
disruption_stress,210,2500308.37
disruption_stress,211,2121917.49
disruption_stress,212,2411138.62
disruption_stress,213,2652153.85
disruption_stress,214,3428823.22
disruption_stress,215,2429624.65
disruption_stress,216,2651683.81
disruption_stress,217,2388571.65
disruption_stress,218,2384486.44
disruption_stress,219,2612354.57
disruption_stress,220,2480656.33
disruption_stress,221,2237907.7
disruption_stress,222,2466285.57
disruption_stress,223,2616950.4
disruption_stress,224,2611054.52
disruption_stress,225,2535093.31
disruption_stress,226,2730068.72
disruption_stress,227,2794761.44
disruption_stress,228,2307246.59
disruption_stress,229,2249736.03
disruption_stress,230,2444272.17
disruption_stress,231,2669994.46
disruption_stress,232,2499682.38
disruption_stress,233,2543762.17
disruption_stress,234,2894283.49
disruption_stress,235,2867527.51
disruption_stress,236,2649565.17
disruption_stress,237,2905519.86
disruption_stress,238,2705224.43
disruption_stress,239,1933545.52
disruption_stress,240,2310594.96
disruption_stress,241,2449527.31
disruption_stress,242,3061307.86
disruption_stress,243,2957403.11
disruption_stress,244,2679734.58
disruption_stress,245,2535858.77
disruption_stress,246,2544666.51
disruption_stress,247,2153469.61
disruption_stress,248,2167418.44
disruption_stress,249,3239392.45
disruption_stress,250,2453857.23
disruption_stress,251,2837679.46
disruption_stress,252,2460850.15
disruption_stress,253,2148242.76
disruption_stress,254,3020236.45
disruption_stress,255,2819944.06
disruption_stress,256,2674800.05
disruption_stress,257,2193550.1
disruption_stress,258,2346399.77
disruption_stress,259,2803442.31
disruption_stress,260,3311610.56
disruption_stress,261,2849305.41
disruption_stress,262,3056666.71
disruption_stress,263,2332259.13
disruption_stress,264,3117937.67
disruption_stress,265,2082187.4
disruption_stress,266,2475611.45
disruption_stress,267,2639892.89
disruption_stress,268,2354028.89
disruption_stress,269,2705148.32
disruption_stress,270,2320708.79
disruption_stress,271,3507276.63
disruption_stress,272,2212550.35
disruption_stress,273,2609084.34
disruption_stress,274,2689411.26
disruption_stress,275,3099357.63
disruption_stress,276,2245133.25
disruption_stress,277,2646432.22
disruption_stress,278,2297769.9
disruption_stress,279,2660808.92
disruption_stress,280,2656220.14
disruption_stress,281,2963187.4
disruption_stress,282,2501864.77
disruption_stress,283,2817014.8
disruption_stress,284,2714755.28
disruption_stress,285,2801057.21
disruption_stress,286,3265438.83
disruption_stress,287,2962524.83
disruption_stress,288,2261665.58
disruption_stress,289,2178031.43
disruption_stress,290,2317316.74
disruption_stress,291,2566239.07
disruption_stress,292,2564222.56
disruption_stress,293,2657979.83
disruption_stress,294,3365769.66
disruption_stress,295,2447794.92
disruption_stress,296,2183534.54
disruption_stress,297,2683363.28
disruption_stress,298,2792626.01
disruption_stress,299,2795046.03
disruption_stress,300,2601521.32
disruption_stress,301,3027884.16
disruption_stress,302,2531996.26
disruption_stress,303,2248039.92
disruption_stress,304,2451473.03
disruption_stress,305,2624213.86
disruption_stress,306,3044507.31
disruption_stress,307,2790671.88
disruption_stress,308,3525436.7
disruption_stress,309,2204308.12
disruption_stress,310,2332636.83
disruption_stress,311,2828315.66
disruption_stress,312,2542566.14
disruption_stress,313,2572310.17
disruption_stress,314,2515770.35
disruption_stress,315,2359770.02
disruption_stress,316,2363779.17
disruption_stress,317,2189534.74
disruption_stress,318,2517676.06
disruption_stress,319,3400598.6
disruption_stress,320,2954545.09
disruption_stress,321,2401859.25
disruption_stress,322,2322551.81
disruption_stress,323,2556152.45
disruption_stress,324,2316772.49
disruption_stress,325,2915908.62
disruption_stress,326,2663073.61
disruption_stress,327,2130005.53
disruption_stress,328,2730988.87
disruption_stress,329,2333369.37
disruption_stress,330,2549322.49
disruption_stress,331,2574504.51
disruption_stress,332,2621636.51
disruption_stress,333,2244620.96
disruption_stress,334,2548132.15
disruption_stress,335,3088847.18
disruption_stress,336,2599644.08
disruption_stress,337,2713126.22
disruption_stress,338,2247221.88
disruption_stress,339,2412381.71
disruption_stress,340,3019371.03
disruption_stress,341,2863558.34
disruption_stress,342,2606417.08
disruption_stress,343,2806014.82
disruption_stress,344,2789465.58
disruption_stress,345,2567038.28
disruption_stress,346,2539949.16
disruption_stress,347,2675963.45
disruption_stress,348,2899044.31
disruption_stress,349,2624579.0
disruption_stress,350,2468772.5
disruption_stress,351,2689938.23
disruption_stress,352,2989951.05
disruption_stress,353,2414715.82
disruption_stress,354,2636437.63
disruption_stress,355,2610757.67
disruption_stress,356,2722787.63
disruption_stress,357,2326999.33
disruption_stress,358,2204124.43
disruption_stress,359,2433311.34
disruption_stress,360,2806817.73
disruption_stress,361,2460424.25
disruption_stress,362,2429598.89
disruption_stress,363,2970759.35
disruption_stress,364,2351713.64
disruption_stress,365,3070130.47
disruption_stress,366,3624255.75
disruption_stress,367,2458575.65
disruption_stress,368,2737498.85
disruption_stress,369,2624014.86
disruption_stress,370,2531083.51
disruption_stress,371,2851135.62
disruption_stress,372,2730293.53
disruption_stress,373,2406258.65
disruption_stress,374,2732147.18
disruption_stress,375,2606452.29
disruption_stress,376,2542793.5
disruption_stress,377,2295420.92
disruption_stress,378,2794589.19
disruption_stress,379,3188114.04
disruption_stress,380,2342048.73
disruption_stress,381,2274061.32
disruption_stress,382,2702127.77
disruption_stress,383,2791632.51
disruption_stress,384,2645674.87
disruption_stress,385,2394579.34
disruption_stress,386,2595475.79
disruption_stress,387,2221845.52
disruption_stress,388,2531324.4
disruption_stress,389,2880968.82
disruption_stress,390,2415154.29
disruption_stress,391,2362949.47
disruption_stress,392,2881947.89
disruption_stress,393,2381171.39
disruption_stress,394,2641405.76
disruption_stress,395,2768000.98
disruption_stress,396,2503157.85
disruption_stress,397,2899367.9
disruption_stress,398,2645406.13
disruption_stress,399,2597593.61
disruption_stress,400,2584289.21
disruption_stress,401,3061273.54
disruption_stress,402,2599817.49
disruption_stress,403,3448380.35
disruption_stress,404,2426863.0
disruption_stress,405,3221830.52
disruption_stress,406,2957055.66
disruption_stress,407,2614897.65
disruption_stress,408,2204921.67
disruption_stress,409,2661210.81
disruption_stress,410,2533684.02
disruption_stress,411,2242286.41
disruption_stress,412,2406761.34
disruption_stress,413,2807763.82
disruption_stress,414,2780058.59
disruption_stress,415,2745626.82
disruption_stress,416,2146912.83
disruption_stress,417,2866506.34
disruption_stress,418,2691964.52
disruption_stress,419,2608844.78
disruption_stress,420,2412049.04
disruption_stress,421,1914182.99
disruption_stress,422,2745708.36
disruption_stress,423,2272957.19
disruption_stress,424,2503590.95
disruption_stress,425,2422977.72
disruption_stress,426,2736418.01
disruption_stress,427,2492799.63
disruption_stress,428,2621039.17
disruption_stress,429,2411493.68
disruption_stress,430,2330941.36
disruption_stress,431,3071288.75
disruption_stress,432,2997777.45
disruption_stress,433,2717155.9
disruption_stress,434,2450659.36
disruption_stress,435,2213514.31
disruption_stress,436,2393733.03
disruption_stress,437,2343169.45
disruption_stress,438,2234279.33
disruption_stress,439,2577210.25
disruption_stress,440,2469365.37
disruption_stress,441,2857372.83
disruption_stress,442,2557076.6
disruption_stress,443,2809622.27
disruption_stress,444,2600522.51
disruption_stress,445,2847911.68
disruption_stress,446,2213868.37
disruption_stress,447,2118625.79
disruption_stress,448,2556294.88
disruption_stress,449,2724461.31
disruption_stress,450,2616154.74
disruption_stress,451,2280563.14
disruption_stress,452,2382075.35
disruption_stress,453,2396758.77
disruption_stress,454,2526730.77
disruption_stress,455,3120499.61
disruption_stress,456,2394282.86
disruption_stress,457,2212357.0
disruption_stress,458,2224627.84
disruption_stress,459,2461867.37
disruption_stress,460,2464719.03
disruption_stress,461,1998916.3
disruption_stress,462,2228685.42
disruption_stress,463,2489564.48
disruption_stress,464,2429163.45
disruption_stress,465,2347967.73
disruption_stress,466,2236471.22
disruption_stress,467,3461745.01
disruption_stress,468,2478034.1
disruption_stress,469,2452879.69
disruption_stress,470,2322044.05
disruption_stress,471,2694301.65
disruption_stress,472,2828100.44
disruption_stress,473,3030530.66
disruption_stress,474,2171084.6
disruption_stress,475,2380266.03
disruption_stress,476,2606791.86
disruption_stress,477,2922031.27
disruption_stress,478,2349294.17
disruption_stress,479,1953448.47
disruption_stress,480,2512735.31
disruption_stress,481,2703662.38
disruption_stress,482,3100683.27
disruption_stress,483,3019380.43
disruption_stress,484,2409372.34
disruption_stress,485,2605124.97
disruption_stress,486,2620801.08
disruption_stress,487,2441905.03
disruption_stress,488,2316156.55
disruption_stress,489,2303684.59
disruption_stress,490,2635902.45
disruption_stress,491,2927678.42
disruption_stress,492,2984761.75
disruption_stress,493,2430754.72
disruption_stress,494,3048319.11
disruption_stress,495,2387947.36
disruption_stress,496,2454747.5
disruption_stress,497,2705195.39
disruption_stress,498,2684368.82
disruption_stress,499,2931020.14
disruption_stress,500,2349824.45
weather_shock,1,2334116.14
weather_shock,2,2155874.1
weather_shock,3,2602820.6
weather_shock,4,2346043.32
weather_shock,5,2491176.5
weather_shock,6,2627890.39
weather_shock,7,2403377.28
weather_shock,8,2500830.67
weather_shock,9,2785506.94
weather_shock,10,2182895.62
weather_shock,11,2778331.53
weather_shock,12,2602998.29
weather_shock,13,2225168.89
weather_shock,14,2316640.08
weather_shock,15,2257771.71
weather_shock,16,2276027.89
weather_shock,17,2674923.27
weather_shock,18,2413495.12
weather_shock,19,2406663.95
weather_shock,20,2630183.93
weather_shock,21,2424671.41
weather_shock,22,2201372.21
weather_shock,23,2421309.65
weather_shock,24,2521759.91
weather_shock,25,2285180.69
weather_shock,26,2222260.83
weather_shock,27,2138472.62
weather_shock,28,2077983.37
weather_shock,29,2654274.82
weather_shock,30,2599727.61
weather_shock,31,2326166.06
weather_shock,32,2522820.81
weather_shock,33,2744981.42
weather_shock,34,2800077.96
weather_shock,35,2275337.19
weather_shock,36,2339291.12
weather_shock,37,2489513.64
weather_shock,38,1978192.55
weather_shock,39,2279161.71
weather_shock,40,2671321.8
weather_shock,41,2223328.98
weather_shock,42,2273708.98
weather_shock,43,2392159.85
weather_shock,44,2500570.54
weather_shock,45,2178679.97
weather_shock,46,2881438.82
weather_shock,47,2572329.78
weather_shock,48,2307309.61
weather_shock,49,2052104.16
weather_shock,50,2219961.01
weather_shock,51,2569192.29
weather_shock,52,2469525.85
weather_shock,53,2609206.09
weather_shock,54,2596513.96
weather_shock,55,3076373.17
weather_shock,56,2287921.76
weather_shock,57,2240123.68
weather_shock,58,2420749.36
weather_shock,59,2306618.13
weather_shock,60,2342088.87
weather_shock,61,2174162.81
weather_shock,62,2397374.69
weather_shock,63,2568995.56
weather_shock,64,2713322.97
weather_shock,65,2307388.08
weather_shock,66,2360941.27
weather_shock,67,2698877.06
weather_shock,68,2333158.68
weather_shock,69,2658602.51
weather_shock,70,2581004.32
weather_shock,71,2440774.86
weather_shock,72,2481710.17
weather_shock,73,2285398.18
weather_shock,74,1994444.53
weather_shock,75,2600520.35
weather_shock,76,2506741.36
weather_shock,77,2361744.46
weather_shock,78,2320826.6
weather_shock,79,2452308.52
weather_shock,80,2801361.41
weather_shock,81,2907985.25
weather_shock,82,2435295.12
weather_shock,83,2370944.99
weather_shock,84,2301026.75
weather_shock,85,2479246.52
weather_shock,86,2292075.37
weather_shock,87,2591874.9
weather_shock,88,2558486.51
weather_shock,89,2160417.35
weather_shock,90,2377215.97
weather_shock,91,2270143.15
weather_shock,92,2144393.69
weather_shock,93,2773038.85
weather_shock,94,2274645.6
weather_shock,95,2222198.52
weather_shock,96,2291470.83
weather_shock,97,2139334.99
weather_shock,98,2117705.89
weather_shock,99,2307057.86
weather_shock,100,2213531.14
weather_shock,101,2732417.67
weather_shock,102,2750492.18
weather_shock,103,1939026.24
weather_shock,104,2723273.66
weather_shock,105,2678844.09
weather_shock,106,3376879.15
weather_shock,107,2177331.09
weather_shock,108,2107970.84
weather_shock,109,2106384.68
weather_shock,110,2161827.36
weather_shock,111,3426183.28
weather_shock,112,2368065.89
weather_shock,113,2749400.89
weather_shock,114,2342902.84
weather_shock,115,2441117.47
weather_shock,116,2504493.23
weather_shock,117,2556935.43
weather_shock,118,1865911.93
weather_shock,119,2244954.08
weather_shock,120,2575007.24
weather_shock,121,2821029.85
weather_shock,122,2782162.38
weather_shock,123,2661433.06
weather_shock,124,2552945.87
weather_shock,125,2302758.1
weather_shock,126,2349527.49
weather_shock,127,2024654.33
weather_shock,128,2368617.04
weather_shock,129,2630166.62
weather_shock,130,2466858.9
weather_shock,131,2267583.9
weather_shock,132,2885258.35
weather_shock,133,2404905.72
weather_shock,134,2506415.04
weather_shock,135,2583489.81
weather_shock,136,2279670.03
weather_shock,137,2865601.42
weather_shock,138,2335806.7
weather_shock,139,2638934.79
weather_shock,140,2238129.29
weather_shock,141,2454563.31
weather_shock,142,2476295.34
weather_shock,143,1981124.36
weather_shock,144,2569542.25
weather_shock,145,2319246.29
weather_shock,146,2364718.61
weather_shock,147,2558595.69
weather_shock,148,2312296.7
weather_shock,149,2617700.56
weather_shock,150,2377294.93
weather_shock,151,2112279.22
weather_shock,152,2438490.79
weather_shock,153,2409350.06
weather_shock,154,2989650.22
weather_shock,155,2581537.66
weather_shock,156,2724572.05
weather_shock,157,2566445.06
weather_shock,158,2385180.24
weather_shock,159,2535846.85
weather_shock,160,2609882.15
weather_shock,161,2539754.58
weather_shock,162,2265297.72
weather_shock,163,2183628.55
weather_shock,164,2034076.9
weather_shock,165,2298347.29
weather_shock,166,2057906.42
weather_shock,167,2341244.53
weather_shock,168,2271716.52
weather_shock,169,2450803.74
weather_shock,170,2353040.24
weather_shock,171,2119112.48
weather_shock,172,2241111.34
weather_shock,173,2535871.83
weather_shock,174,2389447.66
weather_shock,175,1965569.21
weather_shock,176,2726906.82
weather_shock,177,3042533.62
weather_shock,178,2535223.15
weather_shock,179,2326716.75
weather_shock,180,2360383.11
weather_shock,181,2770692.52
weather_shock,182,2565318.25
weather_shock,183,2254861.25
weather_shock,184,2773221.32
weather_shock,185,2236554.3
weather_shock,186,2402547.28
weather_shock,187,2401110.79
weather_shock,188,2389058.17
weather_shock,189,3189244.42
weather_shock,190,2514178.67
weather_shock,191,2399107.62
weather_shock,192,2762064.63
weather_shock,193,2463505.67
weather_shock,194,2753664.85
weather_shock,195,2555995.05
weather_shock,196,2919597.02
weather_shock,197,2392031.63
weather_shock,198,2051308.34
weather_shock,199,1832488.64
weather_shock,200,2851462.64
weather_shock,201,2269995.43
weather_shock,202,2565826.85
weather_shock,203,2607402.43
weather_shock,204,2765520.22
weather_shock,205,2160021.1
weather_shock,206,2823363.25
weather_shock,207,2639515.39
weather_shock,208,2458874.46
weather_shock,209,2850050.05
weather_shock,210,2628584.52
weather_shock,211,2471121.92
weather_shock,212,2357413.48
weather_shock,213,2520378.44
weather_shock,214,2625683.74
weather_shock,215,2402216.52
weather_shock,216,2883996.45
weather_shock,217,2564775.85
weather_shock,218,2707758.05
weather_shock,219,2622878.82
weather_shock,220,2281286.87
weather_shock,221,2082616.45
weather_shock,222,2872649.84
weather_shock,223,2361209.07
weather_shock,224,2726984.71
weather_shock,225,2602417.75
weather_shock,226,2746457.06
weather_shock,227,2860192.66
weather_shock,228,2909547.39
weather_shock,229,2544676.2
weather_shock,230,2679333.09
weather_shock,231,2732186.52
weather_shock,232,1947493.75
weather_shock,233,2656744.15
weather_shock,234,2469893.69
weather_shock,235,2090746.91
weather_shock,236,2586435.79
weather_shock,237,2007801.96
weather_shock,238,2632352.34
weather_shock,239,2298967.79
weather_shock,240,2433878.59
weather_shock,241,2224343.85
weather_shock,242,2389451.69
weather_shock,243,2112883.56
weather_shock,244,2126624.76
weather_shock,245,2560469.81
weather_shock,246,2441479.6
weather_shock,247,1792320.03
weather_shock,248,2489933.58
weather_shock,249,2416959.12
weather_shock,250,2409047.37
weather_shock,251,2572950.04
weather_shock,252,2655836.51
weather_shock,253,2274647.64
weather_shock,254,2603500.48
weather_shock,255,2280315.44
weather_shock,256,2402755.51
weather_shock,257,2318303.28
weather_shock,258,2211883.77
weather_shock,259,2038822.38
weather_shock,260,2202689.79
weather_shock,261,2393764.85
weather_shock,262,2609834.86
weather_shock,263,2394203.48
weather_shock,264,2960293.88
weather_shock,265,2250553.3
weather_shock,266,2332102.16
weather_shock,267,2618285.13
weather_shock,268,1816535.22
weather_shock,269,2618773.29
weather_shock,270,2431607.75
weather_shock,271,3023414.88
weather_shock,272,2742112.23
weather_shock,273,2181060.82
weather_shock,274,2800466.56
weather_shock,275,2390000.07
weather_shock,276,2455167.04
weather_shock,277,1803161.95
weather_shock,278,2110193.77
weather_shock,279,2674048.05
weather_shock,280,2630964.27
weather_shock,281,2418973.69
weather_shock,282,2642565.81
weather_shock,283,2521555.03
weather_shock,284,2270818.72
weather_shock,285,2056022.28
weather_shock,286,2412711.83
weather_shock,287,2113034.45
weather_shock,288,2441574.83
weather_shock,289,2045187.61
weather_shock,290,2813503.58
weather_shock,291,2307422.7
weather_shock,292,2444696.97
weather_shock,293,2363451.08
weather_shock,294,2692764.91
weather_shock,295,2753174.28
weather_shock,296,2399545.89
weather_shock,297,2229893.02
weather_shock,298,1916843.42
weather_shock,299,2189824.07
weather_shock,300,2408262.92
weather_shock,301,2754534.45
weather_shock,302,2584990.92
weather_shock,303,2660729.85
weather_shock,304,2753627.49
weather_shock,305,2987406.47
weather_shock,306,1979200.47
weather_shock,307,2281664.29
weather_shock,308,2560506.38
weather_shock,309,2595316.19
weather_shock,310,2837035.91
weather_shock,311,2310356.16
weather_shock,312,2308489.3
weather_shock,313,2524326.82
weather_shock,314,2772898.6
weather_shock,315,1964603.88
weather_shock,316,2798379.21
weather_shock,317,2454716.83
weather_shock,318,2348507.94
weather_shock,319,2533840.63
weather_shock,320,2430990.72
weather_shock,321,2484456.96
weather_shock,322,2614726.0
weather_shock,323,2202850.74
weather_shock,324,2518004.04
weather_shock,325,2344526.37
weather_shock,326,2540664.49
weather_shock,327,2715544.86
weather_shock,328,2937960.58
weather_shock,329,2078515.03
weather_shock,330,2225002.69
weather_shock,331,2255467.84
weather_shock,332,2432795.7
weather_shock,333,2389347.68
weather_shock,334,2931220.81
weather_shock,335,2100998.97
weather_shock,336,2490138.25
weather_shock,337,2884850.91
weather_shock,338,2586587.77
weather_shock,339,2270769.32
weather_shock,340,2757536.34
weather_shock,341,2841929.03
weather_shock,342,2276837.47
weather_shock,343,2525733.5
weather_shock,344,2417842.84
weather_shock,345,2408713.97
weather_shock,346,2638377.85
weather_shock,347,2598225.09
weather_shock,348,2241658.37
weather_shock,349,2738943.41
weather_shock,350,2194640.09
weather_shock,351,2543907.96
weather_shock,352,2645937.86
weather_shock,353,2704213.89
weather_shock,354,3065110.05
weather_shock,355,2840994.73
weather_shock,356,2384408.9
weather_shock,357,2492431.73
weather_shock,358,2266764.19
weather_shock,359,2667336.04
weather_shock,360,2617668.32
weather_shock,361,2248837.46
weather_shock,362,2185410.4
weather_shock,363,2303253.17
weather_shock,364,2383128.24
weather_shock,365,2779729.81
weather_shock,366,2424693.03
weather_shock,367,2627063.87
weather_shock,368,2335605.97
weather_shock,369,1964518.61
weather_shock,370,2482694.1
weather_shock,371,2385819.93
weather_shock,372,2715833.63
weather_shock,373,2144797.54
weather_shock,374,2492110.98
weather_shock,375,3015692.26
weather_shock,376,2117624.92
weather_shock,377,2520347.2
weather_shock,378,2625151.98
weather_shock,379,2569784.87
weather_shock,380,2007078.52
weather_shock,381,2425064.28
weather_shock,382,2268750.4
weather_shock,383,2285243.61
weather_shock,384,2775808.18
weather_shock,385,2128454.35
weather_shock,386,2296257.08
weather_shock,387,2231256.16
weather_shock,388,2527778.76
weather_shock,389,2893499.7
weather_shock,390,2698692.1
weather_shock,391,2508180.39
weather_shock,392,2429701.92
weather_shock,393,2234567.98
weather_shock,394,2472343.4
weather_shock,395,2656612.38
weather_shock,396,2426755.21
weather_shock,397,2650155.94
weather_shock,398,2391441.01
weather_shock,399,2709976.32
weather_shock,400,2512773.32
weather_shock,401,2758097.28
weather_shock,402,3103964.13
weather_shock,403,2271805.15
weather_shock,404,2379837.05
weather_shock,405,2862483.59
weather_shock,406,2318908.04
weather_shock,407,2010446.19
weather_shock,408,2203438.58
weather_shock,409,2259309.78
weather_shock,410,2078734.97
weather_shock,411,2641407.87
weather_shock,412,2387631.04
weather_shock,413,2757864.53
weather_shock,414,2847526.47
weather_shock,415,2328927.95
weather_shock,416,2436906.37
weather_shock,417,2536390.76
weather_shock,418,2518829.46
weather_shock,419,2945962.56
weather_shock,420,2448334.87
weather_shock,421,2741581.59
weather_shock,422,2453143.4
weather_shock,423,2543278.13
weather_shock,424,2416388.36
weather_shock,425,2621039.18
weather_shock,426,2593169.32
weather_shock,427,2768757.89
weather_shock,428,2517311.34
weather_shock,429,2227834.33
weather_shock,430,2388766.3
weather_shock,431,2067149.06
weather_shock,432,2398098.07
weather_shock,433,2763034.72
weather_shock,434,2420062.15
weather_shock,435,2882093.52
weather_shock,436,2702410.18
weather_shock,437,2366112.18
weather_shock,438,2284282.83
weather_shock,439,2570634.78
weather_shock,440,2729960.28
weather_shock,441,2923075.05
weather_shock,442,2117525.89
weather_shock,443,2223551.48
weather_shock,444,2503138.89
weather_shock,445,2293185.58
weather_shock,446,2621694.0
weather_shock,447,2197988.51
weather_shock,448,2468323.0
weather_shock,449,2331892.95
weather_shock,450,2488948.35
weather_shock,451,2591991.03
weather_shock,452,2262422.65
weather_shock,453,1956445.68
weather_shock,454,2355466.79
weather_shock,455,2414097.32
weather_shock,456,2065040.22
weather_shock,457,2983293.26
weather_shock,458,2684984.25
weather_shock,459,2456804.49
weather_shock,460,2332507.68
weather_shock,461,1948279.36
weather_shock,462,2416935.02
weather_shock,463,2500405.08
weather_shock,464,1972250.23
weather_shock,465,2334568.55
weather_shock,466,2477497.68
weather_shock,467,2240043.29
weather_shock,468,2121788.41
weather_shock,469,2057890.57
weather_shock,470,2723929.7
weather_shock,471,2532401.19
weather_shock,472,2519041.83
weather_shock,473,2916890.65
weather_shock,474,2696462.99
weather_shock,475,2207961.08
weather_shock,476,2944117.63
weather_shock,477,2453950.97
weather_shock,478,2440980.41
weather_shock,479,2397047.22
weather_shock,480,2516587.07
weather_shock,481,2246307.23
weather_shock,482,2275879.35
weather_shock,483,2788574.59
weather_shock,484,2335788.49
weather_shock,485,2420038.26
weather_shock,486,2273994.02
weather_shock,487,2537540.41
weather_shock,488,2555009.02
weather_shock,489,3066708.98
weather_shock,490,2388250.44
weather_shock,491,2370410.56
weather_shock,492,2055472.99
weather_shock,493,2537701.67
weather_shock,494,1956748.13
weather_shock,495,2478210.73
weather_shock,496,2579671.99
weather_shock,497,2648631.26
weather_shock,498,2401878.08
weather_shock,499,2428329.44
weather_shock,500,1950790.62
holiday_peak,1,2633667.86
holiday_peak,2,2896828.83
holiday_peak,3,2880545.09
holiday_peak,4,2696083.41
holiday_peak,5,2629105.51
holiday_peak,6,2213624.25
holiday_peak,7,2641409.53
holiday_peak,8,2674858.7
holiday_peak,9,2713711.9
holiday_peak,10,2030433.09
holiday_peak,11,2558161.64
holiday_peak,12,2099074.48
holiday_peak,13,2850834.18
holiday_peak,14,3355213.6
holiday_peak,15,2460217.12
holiday_peak,16,2771618.19
holiday_peak,17,2242889.66
holiday_peak,18,2755320.99
holiday_peak,19,2395546.69
holiday_peak,20,2277528.08
holiday_peak,21,2750828.4
holiday_peak,22,2514390.58
holiday_peak,23,2789916.14
holiday_peak,24,2523270.58
holiday_peak,25,2977162.95
holiday_peak,26,3072294.54
holiday_peak,27,2816856.12
holiday_peak,28,2880878.09
holiday_peak,29,3248722.9
holiday_peak,30,2586103.75
holiday_peak,31,3268486.13
holiday_peak,32,2644128.54
holiday_peak,33,2576356.56
holiday_peak,34,2905521.72
holiday_peak,35,3255745.45
holiday_peak,36,3229272.47
holiday_peak,37,2430402.88
holiday_peak,38,2341033.58
holiday_peak,39,2428536.16
holiday_peak,40,2411074.8
holiday_peak,41,2533891.81
holiday_peak,42,2590339.11
holiday_peak,43,2758915.35
holiday_peak,44,2752405.97
holiday_peak,45,2800454.5
holiday_peak,46,2799597.18
holiday_peak,47,2860522.49
holiday_peak,48,2545558.8
holiday_peak,49,3088078.3
holiday_peak,50,2769223.12
holiday_peak,51,2672876.91
holiday_peak,52,2804115.78
holiday_peak,53,2826679.92
holiday_peak,54,2342017.63
holiday_peak,55,2224643.86
holiday_peak,56,2649697.25
holiday_peak,57,1993360.95
holiday_peak,58,3399950.75
holiday_peak,59,2259330.86
holiday_peak,60,3240976.5
holiday_peak,61,2559923.81
holiday_peak,62,3471201.06
holiday_peak,63,2725306.95
holiday_peak,64,2639918.69
holiday_peak,65,2657170.93
holiday_peak,66,2721206.25
holiday_peak,67,2167961.05
holiday_peak,68,2627637.78
holiday_peak,69,2505039.3
holiday_peak,70,2963027.57
holiday_peak,71,2675179.88
holiday_peak,72,2721714.05
holiday_peak,73,2642415.91
holiday_peak,74,2324109.5
holiday_peak,75,2334578.4
holiday_peak,76,2592670.72
holiday_peak,77,3018743.82
holiday_peak,78,2420928.13
holiday_peak,79,2738585.74
holiday_peak,80,2419847.5
holiday_peak,81,2625546.36
holiday_peak,82,2451407.15
holiday_peak,83,2432401.01
holiday_peak,84,2670077.06
holiday_peak,85,2546635.23
holiday_peak,86,2385471.88
holiday_peak,87,2655758.82
holiday_peak,88,2842869.16
holiday_peak,89,2194414.85
holiday_peak,90,3232850.54
holiday_peak,91,2376377.05
holiday_peak,92,2202588.72
holiday_peak,93,3395581.47
holiday_peak,94,2324142.44
holiday_peak,95,2593415.59
holiday_peak,96,2194309.1
holiday_peak,97,2723858.69
holiday_peak,98,2586413.0
holiday_peak,99,2602337.89
holiday_peak,100,2411614.61
holiday_peak,101,2702599.28
holiday_peak,102,2961801.09
holiday_peak,103,2374216.22
holiday_peak,104,2695414.8
holiday_peak,105,2626204.76
holiday_peak,106,2579089.99
holiday_peak,107,2586191.2
holiday_peak,108,2418572.41
holiday_peak,109,2691142.4
holiday_peak,110,2565688.4
holiday_peak,111,2690515.83
holiday_peak,112,2545515.14
holiday_peak,113,2399876.21
holiday_peak,114,2803990.79
holiday_peak,115,3001881.97
holiday_peak,116,3025397.58
holiday_peak,117,2263218.76
holiday_peak,118,2507120.88
holiday_peak,119,3051668.54
holiday_peak,120,2454488.72
holiday_peak,121,2577333.37
holiday_peak,122,2789275.39
holiday_peak,123,2954726.58
holiday_peak,124,2539661.0
holiday_peak,125,2544523.83
holiday_peak,126,2168997.25
holiday_peak,127,2957773.85
holiday_peak,128,2421036.61
holiday_peak,129,3242980.96
holiday_peak,130,2419609.91
holiday_peak,131,2403533.73
holiday_peak,132,2363636.81
holiday_peak,133,3062725.76
holiday_peak,134,3086076.29
holiday_peak,135,2796283.03
holiday_peak,136,2372656.21
holiday_peak,137,2720482.56
holiday_peak,138,2879211.98
holiday_peak,139,2575219.69
holiday_peak,140,2491534.75
holiday_peak,141,3158446.63
holiday_peak,142,2675712.76
holiday_peak,143,2532493.53
holiday_peak,144,3136537.5
holiday_peak,145,2937180.42
holiday_peak,146,2337289.12
holiday_peak,147,2372950.37
holiday_peak,148,3084801.7
holiday_peak,149,2560671.39
holiday_peak,150,2952618.29
holiday_peak,151,2896245.81
holiday_peak,152,2611492.16
holiday_peak,153,2544528.54
holiday_peak,154,2719495.67
holiday_peak,155,2654902.42
holiday_peak,156,2969330.7
holiday_peak,157,2477397.71
holiday_peak,158,2665436.61
holiday_peak,159,2590542.51
holiday_peak,160,2725894.85
holiday_peak,161,2670297.44
holiday_peak,162,2646624.11
holiday_peak,163,2418213.3
holiday_peak,164,2504873.04
holiday_peak,165,2609144.34
holiday_peak,166,2540921.97
holiday_peak,167,2439872.61
holiday_peak,168,2294583.58
holiday_peak,169,2836704.1
holiday_peak,170,2501765.75
holiday_peak,171,2816374.78
holiday_peak,172,3196041.44
holiday_peak,173,2427863.68
holiday_peak,174,2613456.13
holiday_peak,175,3195209.54
holiday_peak,176,2441750.62
holiday_peak,177,2558660.34
holiday_peak,178,2817366.9
holiday_peak,179,2870958.29
holiday_peak,180,2821270.03
holiday_peak,181,2642057.95
holiday_peak,182,2456840.62
holiday_peak,183,2599479.24
holiday_peak,184,2574204.57
holiday_peak,185,2703395.98
holiday_peak,186,2655796.71
holiday_peak,187,2214456.1
holiday_peak,188,2320762.91
holiday_peak,189,2546826.45
holiday_peak,190,3181353.65
holiday_peak,191,2722672.2
holiday_peak,192,2614078.2
holiday_peak,193,2747091.57
holiday_peak,194,2725386.14
holiday_peak,195,3322750.47
holiday_peak,196,3054321.97
holiday_peak,197,2416380.75
holiday_peak,198,2577918.94
holiday_peak,199,2457740.64
holiday_peak,200,3146250.32
holiday_peak,201,2528170.83
holiday_peak,202,1902691.08
holiday_peak,203,2569533.5
holiday_peak,204,2847759.79
holiday_peak,205,2476962.13
holiday_peak,206,3209080.59
holiday_peak,207,3160492.07
holiday_peak,208,2284215.7
holiday_peak,209,3162993.24
holiday_peak,210,2708298.72
holiday_peak,211,3253759.76
holiday_peak,212,2598980.5
holiday_peak,213,2962160.08
holiday_peak,214,2771221.82
holiday_peak,215,2818942.4
holiday_peak,216,2414970.89
holiday_peak,217,2549485.74
holiday_peak,218,2901889.77
holiday_peak,219,2867783.37
holiday_peak,220,2467539.81
holiday_peak,221,2408796.43
holiday_peak,222,2232724.39
holiday_peak,223,2581845.82
holiday_peak,224,3033135.45
holiday_peak,225,2381493.48
holiday_peak,226,2317981.47
holiday_peak,227,2724391.32
holiday_peak,228,2473352.54
holiday_peak,229,2720386.26
holiday_peak,230,2793978.19
holiday_peak,231,2400985.83
holiday_peak,232,2895305.05
holiday_peak,233,2608771.33
holiday_peak,234,2071570.59
holiday_peak,235,2340369.39
holiday_peak,236,2722727.68
holiday_peak,237,2729996.13
holiday_peak,238,3062289.62
holiday_peak,239,2647508.97
holiday_peak,240,2619395.75
holiday_peak,241,2301880.63
holiday_peak,242,2886435.3
holiday_peak,243,2237561.42
holiday_peak,244,2932938.09
holiday_peak,245,2864982.89
holiday_peak,246,2773417.6
holiday_peak,247,2834438.8
holiday_peak,248,3294872.76
holiday_peak,249,2817304.67
holiday_peak,250,2875509.25
holiday_peak,251,2474239.01
holiday_peak,252,2112522.95
holiday_peak,253,2652504.84
holiday_peak,254,2831556.15
holiday_peak,255,2672022.73
holiday_peak,256,2982825.28
holiday_peak,257,2689022.51
holiday_peak,258,2570549.65
holiday_peak,259,2367959.08
holiday_peak,260,2752169.93
holiday_peak,261,2147312.29
holiday_peak,262,3081877.77
holiday_peak,263,2888781.65
holiday_peak,264,2809291.79
holiday_peak,265,3017167.49
holiday_peak,266,2453622.9
holiday_peak,267,2866210.24
holiday_peak,268,2715830.55
holiday_peak,269,2874507.19
holiday_peak,270,2316523.52
holiday_peak,271,2527154.09
holiday_peak,272,3208342.01
holiday_peak,273,2363271.67
holiday_peak,274,3028219.97
holiday_peak,275,2640394.69
holiday_peak,276,2900335.25
holiday_peak,277,2418199.23
holiday_peak,278,2833287.81
holiday_peak,279,2844968.88
holiday_peak,280,2682847.0
holiday_peak,281,2998764.57
holiday_peak,282,2691644.64
holiday_peak,283,2690067.67
holiday_peak,284,2756784.31
holiday_peak,285,2911441.28
holiday_peak,286,2683930.91
holiday_peak,287,2703170.75
holiday_peak,288,2675486.28
holiday_peak,289,3084351.89
holiday_peak,290,2381883.38
holiday_peak,291,2899879.27
holiday_peak,292,2764397.73
holiday_peak,293,2721945.88
holiday_peak,294,2721504.65
holiday_peak,295,2791666.75
holiday_peak,296,2395244.96
holiday_peak,297,2508061.78
holiday_peak,298,2308088.01
holiday_peak,299,2616067.05
holiday_peak,300,2276117.82
holiday_peak,301,2572240.84
holiday_peak,302,2212894.8
holiday_peak,303,3064680.6
holiday_peak,304,2302731.63
holiday_peak,305,2087808.16
holiday_peak,306,2608075.79
holiday_peak,307,3200360.27
holiday_peak,308,3048476.3
holiday_peak,309,2500040.32
holiday_peak,310,2740433.42
holiday_peak,311,3138326.53
holiday_peak,312,2329882.43
holiday_peak,313,2366355.96
holiday_peak,314,2452223.5
holiday_peak,315,2870004.37
holiday_peak,316,2433462.94
holiday_peak,317,2534754.55
holiday_peak,318,3065387.24
holiday_peak,319,2425907.9
holiday_peak,320,2590937.87
holiday_peak,321,2849519.25
holiday_peak,322,2567236.63
holiday_peak,323,2768897.83
holiday_peak,324,2840842.87
holiday_peak,325,2353389.53
holiday_peak,326,2746284.18
holiday_peak,327,2495134.86
holiday_peak,328,2320840.92
holiday_peak,329,2731247.96
holiday_peak,330,2521168.13
holiday_peak,331,3031672.43
holiday_peak,332,2736389.69
holiday_peak,333,3012056.08
holiday_peak,334,2424091.6
holiday_peak,335,3003200.24
holiday_peak,336,2411042.73
holiday_peak,337,3012632.41
holiday_peak,338,3126096.28
holiday_peak,339,2112426.98
holiday_peak,340,2717517.33
holiday_peak,341,2814050.8
holiday_peak,342,2436116.48
holiday_peak,343,2735019.12
holiday_peak,344,2632947.87
holiday_peak,345,2613533.33
holiday_peak,346,2916864.17
holiday_peak,347,2708531.53
holiday_peak,348,2328759.16
holiday_peak,349,2627690.01
holiday_peak,350,2637083.14
holiday_peak,351,2848081.4
holiday_peak,352,2987480.86
holiday_peak,353,2388184.81
holiday_peak,354,2313913.82
holiday_peak,355,2250105.28
holiday_peak,356,2631376.38
holiday_peak,357,3283755.11
holiday_peak,358,2713416.57
holiday_peak,359,2662414.89
holiday_peak,360,3040925.37
holiday_peak,361,2548461.49
holiday_peak,362,2821484.41
holiday_peak,363,2578694.52
holiday_peak,364,2926971.73
holiday_peak,365,2637236.43
holiday_peak,366,3039687.72
holiday_peak,367,3215776.36
holiday_peak,368,2693951.79
holiday_peak,369,2717698.45
holiday_peak,370,2671576.92
holiday_peak,371,2867337.12
holiday_peak,372,2754220.99
holiday_peak,373,2502709.7
holiday_peak,374,2794901.63
holiday_peak,375,2762645.07
holiday_peak,376,2983402.66
holiday_peak,377,2371953.54
holiday_peak,378,1960064.68
holiday_peak,379,2983052.05
holiday_peak,380,2375225.01
holiday_peak,381,2988194.82
holiday_peak,382,3171083.59
holiday_peak,383,2663678.24
holiday_peak,384,2951874.84
holiday_peak,385,2549787.91
holiday_peak,386,2538908.98
holiday_peak,387,2479374.0
holiday_peak,388,2524880.91
holiday_peak,389,2485535.29
holiday_peak,390,2273043.69
holiday_peak,391,2410537.11
holiday_peak,392,2330769.71
holiday_peak,393,2871415.79
holiday_peak,394,2827065.95
holiday_peak,395,2432376.83
holiday_peak,396,2424303.73
holiday_peak,397,2751593.72
holiday_peak,398,2911443.16
holiday_peak,399,2552623.83
holiday_peak,400,2563231.36
holiday_peak,401,3222713.83
holiday_peak,402,2309632.73
holiday_peak,403,3305330.58
holiday_peak,404,2408134.51
holiday_peak,405,2822340.25
holiday_peak,406,2760001.37
holiday_peak,407,2697349.21
holiday_peak,408,2552887.64
holiday_peak,409,2704308.66
holiday_peak,410,2858790.55
holiday_peak,411,3023044.33
holiday_peak,412,2184677.12
holiday_peak,413,2457569.18
holiday_peak,414,2674413.99
holiday_peak,415,2726297.63
holiday_peak,416,2746724.39
holiday_peak,417,3057052.14
holiday_peak,418,2936293.87
holiday_peak,419,2374279.73
holiday_peak,420,2831615.2
holiday_peak,421,2699282.04
holiday_peak,422,2919244.47
holiday_peak,423,2692588.34
holiday_peak,424,2888860.31
holiday_peak,425,2623857.15
holiday_peak,426,2450217.2
holiday_peak,427,2587052.9
holiday_peak,428,2523505.09
holiday_peak,429,2514271.55
holiday_peak,430,2579144.35
holiday_peak,431,2555014.24
holiday_peak,432,2534636.85
holiday_peak,433,2255758.91
holiday_peak,434,2395415.86
holiday_peak,435,3067794.61
holiday_peak,436,2303086.59
holiday_peak,437,2512107.96
holiday_peak,438,2922932.58
holiday_peak,439,2409639.75
holiday_peak,440,2832991.63
holiday_peak,441,2614450.71
holiday_peak,442,2548384.96
holiday_peak,443,2782906.49
holiday_peak,444,3003243.02
holiday_peak,445,3158581.13
holiday_peak,446,2955898.6
holiday_peak,447,2500990.59
holiday_peak,448,2558893.04
holiday_peak,449,2826548.01
holiday_peak,450,2354404.26
holiday_peak,451,2561117.31
holiday_peak,452,2342770.31
holiday_peak,453,2823957.99
holiday_peak,454,2719616.45
holiday_peak,455,3175793.38
holiday_peak,456,3465401.07
holiday_peak,457,2799802.77
holiday_peak,458,2459482.14
holiday_peak,459,2656258.18
holiday_peak,460,2307400.92
holiday_peak,461,2599207.27
holiday_peak,462,2776692.5
holiday_peak,463,2700364.54
holiday_peak,464,2233104.59
holiday_peak,465,2826562.93
holiday_peak,466,2679966.85
holiday_peak,467,2093898.59
holiday_peak,468,2752158.88
holiday_peak,469,2825349.9
holiday_peak,470,2331207.89
holiday_peak,471,2725569.66
holiday_peak,472,2646723.29
holiday_peak,473,3155104.81
holiday_peak,474,2641027.98
holiday_peak,475,2545267.58
holiday_peak,476,2477123.41
holiday_peak,477,2298796.1
holiday_peak,478,2364067.75
holiday_peak,479,2805246.81
holiday_peak,480,3080235.72
holiday_peak,481,2441016.17
holiday_peak,482,2920516.31
holiday_peak,483,2348480.42
holiday_peak,484,2626511.34
holiday_peak,485,2222055.49
holiday_peak,486,2588374.96
holiday_peak,487,2680611.51
holiday_peak,488,2399362.69
holiday_peak,489,2514180.02
holiday_peak,490,2804358.33
holiday_peak,491,2354384.46
holiday_peak,492,2823851.81
holiday_peak,493,2950743.97
holiday_peak,494,2796358.57
holiday_peak,495,2370855.97
holiday_peak,496,2774516.4
holiday_peak,497,3224581.61
holiday_peak,498,2942811.58
holiday_peak,499,2909139.82
holiday_peak,500,2724965.64
